shabbat_start,shabbat_end
06/12/2024 20:00,07/12/2024 21:00
13/12/2024 20:00,14/12/2024 21:00
20/12/2024 20:00,21/12/2024 21:00
27/12/2024 20:00,28/12/2024 21:00
03/01/2025 20:00,04/01/2025 21:00
10/01/2025 20:00,11/01/2025 21:00
17/01/2025 20:00,18/01/2025 21:00
24/01/2025 20:00,25/01/2025 21:00
31/01/2025 20:00,01/02/2025 21:00
07/02/2025 20:00,08/02/2025 21:00
14/02/2025 20:00,15/02/2025 21:00
21/02/2025 20:00,22/02/2025 21:00
28/02/2025 20:00,01/03/2025 21:00
07/03/2025 20:00,08/03/2025 21:00
14/03/2025 20:00,15/03/2025 21:00
21/03/2025 20:00,22/03/2025 21:00
28/03/2025 21:00,29/03/2025 22:00
04/04/2025 21:00,05/04/2025 22:00
11/04/2025 21:00,12/04/2025 22:00
18/04/2025 21:00,19/04/2025 22:00
25/04/2025 21:00,26/04/2025 22:00
02/05/2025 21:00,03/05/2025 22:00
09/05/2025 21:00,10/05/2025 22:00
16/05/2025 21:00,17/05/2025 22:00
23/05/2025 21:00,24/05/2025 22:00
30/05/2025 21:00,31/05/2025 22:00
06/06/2025 21:00,07/06/2025 22:00
13/06/2025 21:00,14/06/2025 22:00
20/06/2025 21:00,21/06/2025 22:00
27/06/2025 21:00,28/06/2025 22:00
04/07/2025 21:00,05/07/2025 22:00
11/07/2025 21:00,12/07/2025 22:00
18/07/2025 21:00,19/07/2025 22:00
25/07/2025 21:00,26/07/2025 22:00
01/08/2025 21:00,02/08/2025 22:00
08/08/2025 21:00,09/08/2025 22:00
15/08/2025 21:00,16/08/2025 22:00
22/08/2025 21:00,23/08/2025 22:00
29/08/2025 21:00,30/08/2025 22:00
05/09/2025 21:00,06/09/2025 22:00
12/09/2025 21:00,13/09/2025 22:00
19/09/2025 21:00,20/09/2025 22:00
26/09/2025 21:00,27/09/2025 22:00
03/10/2025 21:00,04/10/2025 22:00
10/10/2025 21:00,11/10/2025 22:00
17/10/2025 21:00,18/10/2025 22:00
24/10/2025 21:00,25/10/2025 22:00
31/10/2025 20:00,01/11/2025 21:00
07/11/2025 20:00,08/11/2025 21:00
14/11/2025 20:00,15/11/2025 21:00
21/11/2025 20:00,22/11/2025 21:00
28/11/2025 20:00,29/11/2025 21:00
05/12/2025 20:00,06/12/2025 21:00
12/12/2025 20:00,13/12/2025 21:00
19/12/2025 20:00,20/12/2025 21:00
26/12/2025 20:00,27/12/2025 21:00
02/01/2026 20:00,03/01/2026 21:00
09/01/2026 20:00,10/01/2026 21:00
16/01/2026 20:00,17/01/2026 21:00
23/01/2026 20:00,24/01/2026 21:00
30/01/2026 20:00,31/01/2026 21:00
06/02/2026 20:00,07/02/2026 21:00
13/02/2026 20:00,14/02/2026 21:00
20/02/2026 20:00,21/02/2026 21:00
27/02/2026 20:00,28/02/2026 21:00
06/03/2026 20:00,07/03/2026 21:00
13/03/2026 20:00,14/03/2026 21:00
20/03/2026 20:00,21/03/2026 21:00
27/03/2026 21:00,28/03/2026 22:00
03/04/2026 21:00,04/04/2026 22:00
10/04/2026 21:00,11/04/2026 22:00
17/04/2026 21:00,18/04/2026 22:00
24/04/2026 21:00,25/04/2026 22:00
01/05/2026 21:00,02/05/2026 22:00
08/05/2026 21:00,09/05/2026 22:00
15/05/2026 21:00,16/05/2026 22:00
22/05/2026 21:00,23/05/2026 22:00
29/05/2026 21:00,30/05/2026 22:00
05/06/2026 21:00,06/06/2026 22:00
12/06/2026 21:00,13/06/2026 22:00
19/06/2026 21:00,20/06/2026 22:00
26/06/2026 21:00,27/06/2026 22:00
03/07/2026 21:00,04/07/2026 22:00
10/07/2026 21:00,11/07/2026 22:00
17/07/2026 21:00,18/07/2026 22:00
24/07/2026 21:00,25/07/2026 22:00
31/07/2026 21:00,01/08/2026 22:00
07/08/2026 21:00,08/08/2026 22:00
14/08/2026 21:00,15/08/2026 22:00
21/08/2026 21:00,22/08/2026 22:00
28/08/2026 21:00,29/08/2026 22:00
04/09/2026 21:00,05/09/2026 22:00
11/09/2026 21:00,12/09/2026 22:00
18/09/2026 21:00,19/09/2026 22:00
25/09/2026 21:00,26/09/2026 22:00
02/10/2026 21:00,03/10/2026 22:00
09/10/2026 21:00,10/10/2026 22:00
16/10/2026 21:00,17/10/2026 22:00
23/10/2026 21:00,24/10/2026 22:00
30/10/2026 20:00,31/10/2026 21:00
06/11/2026 20:00,07/11/2026 21:00
13/11/2026 20:00,14/11/2026 21:00
20/11/2026 20:00,21/11/2026 21:00
27/11/2026 20:00,28/11/2026 21:00
04/12/2026 20:00,05/12/2026 21:00
11/12/2026 20:00,12/12/2026 21:00
18/12/2026 20:00,19/12/2026 21:00
25/12/2026 20:00,26/12/2026 21:00
01/01/2027 20:00,02/01/2027 21:00
08/01/2027 20:00,09/01/2027 21:00
15/01/2027 20:00,16/01/2027 21:00
22/01/2027 20:00,23/01/2027 21:00
29/01/2027 20:00,30/01/2027 21:00
05/02/2027 20:00,06/02/2027 21:00
12/02/2027 20:00,13/02/2027 21:00
19/02/2027 20:00,20/02/2027 21:00
26/02/2027 20:00,27/02/2027 21:00
05/03/2027 20:00,06/03/2027 21:00
12/03/2027 20:00,13/03/2027 21:00
19/03/2027 20:00,20/03/2027 21:00
26/03/2027 21:00,27/03/2027 22:00
02/04/2027 21:00,03/04/2027 22:00
09/04/2027 21:00,10/04/2027 22:00
16/04/2027 21:00,17/04/2027 22:00
23/04/2027 21:00,24/04/2027 22:00
30/04/2027 21:00,01/05/2027 22:00
07/05/2027 21:00,08/05/2027 22:00
14/05/2027 21:00,15/05/2027 22:00
21/05/2027 21:00,22/05/2027 22:00
28/05/2027 21:00,29/05/2027 22:00
04/06/2027 21:00,05/06/2027 22:00
11/06/2027 21:00,12/06/2027 22:00
18/06/2027 21:00,19/06/2027 22:00
25/06/2027 21:00,26/06/2027 22:00
02/07/2027 21:00,03/07/2027 22:00
09/07/2027 21:00,10/07/2027 22:00
16/07/2027 21:00,17/07/2027 22:00
23/07/2027 21:00,24/07/2027 22:00
30/07/2027 21:00,31/07/2027 22:00
06/08/2027 21:00,07/08/2027 22:00
13/08/2027 21:00,14/08/2027 22:00
20/08/2027 21:00,21/08/2027 22:00
27/08/2027 21:00,28/08/2027 22:00
03/09/2027 21:00,04/09/2027 22:00
10/09/2027 21:00,11/09/2027 22:00
17/09/2027 21:00,18/09/2027 22:00
24/09/2027 21:00,25/09/2027 22:00
01/10/2027 21:00,02/10/2027 22:00
08/10/2027 21:00,09/10/2027 22:00
15/10/2027 21:00,16/10/2027 22:00
22/10/2027 21:00,23/10/2027 22:00
29/10/2027 21:00,30/10/2027 22:00
05/11/2027 20:00,06/11/2027 21:00
12/11/2027 20:00,13/11/2027 21:00
19/11/2027 20:00,20/11/2027 21:00
26/11/2027 20:00,27/11/2027 21:00
03/12/2027 20:00,04/12/2027 21:00
10/12/2027 20:00,11/12/2027 21:00
17/12/2027 20:00,18/12/2027 21:00
24/12/2027 20:00,25/12/2027 21:00
31/12/2027 20:00,01/01/2028 21:00
07/01/2028 20:00,08/01/2028 21:00
14/01/2028 20:00,15/01/2028 21:00
21/01/2028 20:00,22/01/2028 21:00
28/01/2028 20:00,29/01/2028 21:00
04/02/2028 20:00,05/02/2028 21:00
11/02/2028 20:00,12/02/2028 21:00
18/02/2028 20:00,19/02/2028 21:00
25/02/2028 20:00,26/02/2028 21:00
03/03/2028 20:00,04/03/2028 21:00
10/03/2028 20:00,11/03/2028 21:00
17/03/2028 20:00,18/03/2028 21:00
24/03/2028 21:00,25/03/2028 22:00
31/03/2028 21:00,01/04/2028 22:00
07/04/2028 21:00,08/04/2028 22:00
14/04/2028 21:00,15/04/2028 22:00
21/04/2028 21:00,22/04/2028 22:00
28/04/2028 21:00,29/04/2028 22:00
05/05/2028 21:00,06/05/2028 22:00
12/05/2028 21:00,13/05/2028 22:00
19/05/2028 21:00,20/05/2028 22:00
26/05/2028 21:00,27/05/2028 22:00
02/06/2028 21:00,03/06/2028 22:00
09/06/2028 21:00,10/06/2028 22:00
16/06/2028 21:00,17/06/2028 22:00
23/06/2028 21:00,24/06/2028 22:00
30/06/2028 21:00,01/07/2028 22:00
07/07/2028 21:00,08/07/2028 22:00
14/07/2028 21:00,15/07/2028 22:00
21/07/2028 21:00,22/07/2028 22:00
28/07/2028 21:00,29/07/2028 22:00
04/08/2028 21:00,05/08/2028 22:00
11/08/2028 21:00,12/08/2028 22:00
18/08/2028 21:00,19/08/2028 22:00
25/08/2028 21:00,26/08/2028 22:00
01/09/2028 21:00,02/09/2028 22:00
08/09/2028 21:00,09/09/2028 22:00
15/09/2028 21:00,16/09/2028 22:00
22/09/2028 21:00,23/09/2028 22:00
29/09/2028 21:00,30/09/2028 22:00
06/10/2028 21:00,07/10/2028 22:00
13/10/2028 21:00,14/10/2028 22:00
20/10/2028 21:00,21/10/2028 22:00
27/10/2028 21:00,28/10/2028 22:00
03/11/2028 20:00,04/11/2028 21:00
10/11/2028 20:00,11/11/2028 21:00
17/11/2028 20:00,18/11/2028 21:00
24/11/2028 20:00,25/11/2028 21:00
01/12/2028 20:00,02/12/2028 21:00
08/12/2028 20:00,09/12/2028 21:00
15/12/2028 20:00,16/12/2028 21:00
22/12/2028 20:00,23/12/2028 21:00
29/12/2028 20:00,30/12/2028 21:00
05/01/2029 20:00,06/01/2029 21:00
12/01/2029 20:00,13/01/2029 21:00
19/01/2029 20:00,20/01/2029 21:00
26/01/2029 20:00,27/01/2029 21:00
02/02/2029 20:00,03/02/2029 21:00
09/02/2029 20:00,10/02/2029 21:00
16/02/2029 20:00,17/02/2029 21:00
23/02/2029 20:00,24/02/2029 21:00
02/03/2029 20:00,03/03/2029 21:00
09/03/2029 20:00,10/03/2029 21:00
16/03/2029 20:00,17/03/2029 21:00
23/03/2029 21:00,24/03/2029 22:00
30/03/2029 21:00,31/03/2029 22:00
06/04/2029 21:00,07/04/2029 22:00
13/04/2029 21:00,14/04/2029 22:00
20/04/2029 21:00,21/04/2029 22:00
27/04/2029 21:00,28/04/2029 22:00
04/05/2029 21:00,05/05/2029 22:00
11/05/2029 21:00,12/05/2029 22:00
18/05/2029 21:00,19/05/2029 22:00
25/05/2029 21:00,26/05/2029 22:00
01/06/2029 21:00,02/06/2029 22:00
08/06/2029 21:00,09/06/2029 22:00
15/06/2029 21:00,16/06/2029 22:00
22/06/2029 21:00,23/06/2029 22:00
29/06/2029 21:00,30/06/2029 22:00
06/07/2029 21:00,07/07/2029 22:00
13/07/2029 21:00,14/07/2029 22:00
20/07/2029 21:00,21/07/2029 22:00
27/07/2029 21:00,28/07/2029 22:00
03/08/2029 21:00,04/08/2029 22:00
10/08/2029 21:00,11/08/2029 22:00
17/08/2029 21:00,18/08/2029 22:00
24/08/2029 21:00,25/08/2029 22:00
31/08/2029 21:00,01/09/2029 22:00
07/09/2029 21:00,08/09/2029 22:00
14/09/2029 21:00,15/09/2029 22:00
21/09/2029 21:00,22/09/2029 22:00
28/09/2029 21:00,29/09/2029 22:00
05/10/2029 21:00,06/10/2029 22:00
12/10/2029 21:00,13/10/2029 22:00
19/10/2029 21:00,20/10/2029 22:00
26/10/2029 21:00,27/10/2029 22:00
02/11/2029 20:00,03/11/2029 21:00
09/11/2029 20:00,10/11/2029 21:00
16/11/2029 20:00,17/11/2029 21:00
23/11/2029 20:00,24/11/2029 21:00
30/11/2029 20:00,01/12/2029 21:00
07/12/2029 20:00,08/12/2029 21:00
14/12/2029 20:00,15/12/2029 21:00
21/12/2029 20:00,22/12/2029 21:00
28/12/2029 20:00,29/12/2029 21:00
04/01/2030 20:00,05/01/2030 21:00
11/01/2030 20:00,12/01/2030 21:00
18/01/2030 20:00,19/01/2030 21:00
25/01/2030 20:00,26/01/2030 21:00
01/02/2030 20:00,02/02/2030 21:00
08/02/2030 20:00,09/02/2030 21:00
15/02/2030 20:00,16/02/2030 21:00
22/02/2030 20:00,23/02/2030 21:00
01/03/2030 20:00,02/03/2030 21:00
08/03/2030 20:00,09/03/2030 21:00
15/03/2030 20:00,16/03/2030 21:00
22/03/2030 20:00,23/03/2030 21:00
29/03/2030 21:00,30/03/2030 22:00
05/04/2030 21:00,06/04/2030 22:00
12/04/2030 21:00,13/04/2030 22:00
19/04/2030 21:00,20/04/2030 22:00
26/04/2030 21:00,27/04/2030 22:00
03/05/2030 21:00,04/05/2030 22:00
10/05/2030 21:00,11/05/2030 22:00
17/05/2030 21:00,18/05/2030 22:00
24/05/2030 21:00,25/05/2030 22:00
31/05/2030 21:00,01/06/2030 22:00
07/06/2030 21:00,08/06/2030 22:00
14/06/2030 21:00,15/06/2030 22:00
21/06/2030 21:00,22/06/2030 22:00
28/06/2030 21:00,29/06/2030 22:00
05/07/2030 21:00,06/07/2030 22:00
12/07/2030 21:00,13/07/2030 22:00
19/07/2030 21:00,20/07/2030 22:00
26/07/2030 21:00,27/07/2030 22:00
02/08/2030 21:00,03/08/2030 22:00
09/08/2030 21:00,10/08/2030 22:00
16/08/2030 21:00,17/08/2030 22:00
23/08/2030 21:00,24/08/2030 22:00
30/08/2030 21:00,31/08/2030 22:00
06/09/2030 21:00,07/09/2030 22:00
13/09/2030 21:00,14/09/2030 22:00
20/09/2030 21:00,21/09/2030 22:00
27/09/2030 21:00,28/09/2030 22:00
04/10/2030 21:00,05/10/2030 22:00
11/10/2030 21:00,12/10/2030 22:00
18/10/2030 21:00,19/10/2030 22:00
25/10/2030 21:00,26/10/2030 22:00
01/11/2030 20:00,02/11/2030 21:00
08/11/2030 20:00,09/11/2030 21:00
15/11/2030 20:00,16/11/2030 21:00
22/11/2030 20:00,23/11/2030 21:00
29/11/2030 20:00,30/11/2030 21:00
06/12/2030 20:00,07/12/2030 21:00
13/12/2030 20:00,14/12/2030 21:00
20/12/2030 20:00,21/12/2030 21:00
27/12/2030 20:00,28/12/2030 21:00
03/01/2031 20:00,04/01/2031 21:00
10/01/2031 20:00,11/01/2031 21:00
17/01/2031 20:00,18/01/2031 21:00
24/01/2031 20:00,25/01/2031 21:00
31/01/2031 20:00,01/02/2031 21:00
07/02/2031 20:00,08/02/2031 21:00
14/02/2031 20:00,15/02/2031 21:00
21/02/2031 20:00,22/02/2031 21:00
28/02/2031 20:00,01/03/2031 21:00
07/03/2031 20:00,08/03/2031 21:00
14/03/2031 20:00,15/03/2031 21:00
21/03/2031 20:00,22/03/2031 21:00
28/03/2031 21:00,29/03/2031 22:00
04/04/2031 21:00,05/04/2031 22:00
11/04/2031 21:00,12/04/2031 22:00
18/04/2031 21:00,19/04/2031 22:00
25/04/2031 21:00,26/04/2031 22:00
02/05/2031 21:00,03/05/2031 22:00
09/05/2031 21:00,10/05/2031 22:00
16/05/2031 21:00,17/05/2031 22:00
23/05/2031 21:00,24/05/2031 22:00
30/05/2031 21:00,31/05/2031 22:00
06/06/2031 21:00,07/06/2031 22:00
13/06/2031 21:00,14/06/2031 22:00
20/06/2031 21:00,21/06/2031 22:00
27/06/2031 21:00,28/06/2031 22:00
04/07/2031 21:00,05/07/2031 22:00
11/07/2031 21:00,12/07/2031 22:00
18/07/2031 21:00,19/07/2031 22:00
25/07/2031 21:00,26/07/2031 22:00
01/08/2031 21:00,02/08/2031 22:00
08/08/2031 21:00,09/08/2031 22:00
15/08/2031 21:00,16/08/2031 22:00
22/08/2031 21:00,23/08/2031 22:00
29/08/2031 21:00,30/08/2031 22:00
05/09/2031 21:00,06/09/2031 22:00
12/09/2031 21:00,13/09/2031 22:00
19/09/2031 21:00,20/09/2031 22:00
26/09/2031 21:00,27/09/2031 22:00
03/10/2031 21:00,04/10/2031 22:00
10/10/2031 21:00,11/10/2031 22:00
17/10/2031 21:00,18/10/2031 22:00
24/10/2031 21:00,25/10/2031 22:00
31/10/2031 20:00,01/11/2031 21:00
07/11/2031 20:00,08/11/2031 21:00
14/11/2031 20:00,15/11/2031 21:00
21/11/2031 20:00,22/11/2031 21:00
28/11/2031 20:00,29/11/2031 21:00
05/12/2031 20:00,06/12/2031 21:00
12/12/2031 20:00,13/12/2031 21:00
19/12/2031 20:00,20/12/2031 21:00
26/12/2031 20:00,27/12/2031 21:00
02/01/2032 20:00,03/01/2032 21:00
09/01/2032 20:00,10/01/2032 21:00
16/01/2032 20:00,17/01/2032 21:00
23/01/2032 20:00,24/01/2032 21:00
30/01/2032 20:00,31/01/2032 21:00
06/02/2032 20:00,07/02/2032 21:00
13/02/2032 20:00,14/02/2032 21:00
20/02/2032 20:00,21/02/2032 21:00
27/02/2032 20:00,28/02/2032 21:00
05/03/2032 20:00,06/03/2032 21:00
12/03/2032 20:00,13/03/2032 21:00
19/03/2032 20:00,20/03/2032 21:00
26/03/2032 21:00,27/03/2032 22:00
02/04/2032 21:00,03/04/2032 22:00
09/04/2032 21:00,10/04/2032 22:00
16/04/2032 21:00,17/04/2032 22:00
23/04/2032 21:00,24/04/2032 22:00
30/04/2032 21:00,01/05/2032 22:00
07/05/2032 21:00,08/05/2032 22:00
14/05/2032 21:00,15/05/2032 22:00
21/05/2032 21:00,22/05/2032 22:00
28/05/2032 21:00,29/05/2032 22:00
04/06/2032 21:00,05/06/2032 22:00
11/06/2032 21:00,12/06/2032 22:00
18/06/2032 21:00,19/06/2032 22:00
25/06/2032 21:00,26/06/2032 22:00
02/07/2032 21:00,03/07/2032 22:00
09/07/2032 21:00,10/07/2032 22:00
16/07/2032 21:00,17/07/2032 22:00
23/07/2032 21:00,24/07/2032 22:00
30/07/2032 21:00,31/07/2032 22:00
06/08/2032 21:00,07/08/2032 22:00
13/08/2032 21:00,14/08/2032 22:00
20/08/2032 21:00,21/08/2032 22:00
27/08/2032 21:00,28/08/2032 22:00
03/09/2032 21:00,04/09/2032 22:00
10/09/2032 21:00,11/09/2032 22:00
17/09/2032 21:00,18/09/2032 22:00
24/09/2032 21:00,25/09/2032 22:00
01/10/2032 21:00,02/10/2032 22:00
08/10/2032 21:00,09/10/2032 22:00
15/10/2032 21:00,16/10/2032 22:00
22/10/2032 21:00,23/10/2032 22:00
29/10/2032 21:00,30/10/2032 22:00
05/11/2032 20:00,06/11/2032 21:00
12/11/2032 20:00,13/11/2032 21:00
19/11/2032 20:00,20/11/2032 21:00
26/11/2032 20:00,27/11/2032 21:00
03/12/2032 20:00,04/12/2032 21:00
10/12/2032 20:00,11/12/2032 21:00
17/12/2032 20:00,18/12/2032 21:00
24/12/2032 20:00,25/12/2032 21:00
31/12/2032 20:00,01/01/2033 21:00
07/01/2033 20:00,08/01/2033 21:00
14/01/2033 20:00,15/01/2033 21:00
21/01/2033 20:00,22/01/2033 21:00
28/01/2033 20:00,29/01/2033 21:00
04/02/2033 20:00,05/02/2033 21:00
11/02/2033 20:00,12/02/2033 21:00
18/02/2033 20:00,19/02/2033 21:00
25/02/2033 20:00,26/02/2033 21:00
04/03/2033 20:00,05/03/2033 21:00
11/03/2033 20:00,12/03/2033 21:00
18/03/2033 20:00,19/03/2033 21:00
25/03/2033 21:00,26/03/2033 22:00
01/04/2033 21:00,02/04/2033 22:00
08/04/2033 21:00,09/04/2033 22:00
15/04/2033 21:00,16/04/2033 22:00
22/04/2033 21:00,23/04/2033 22:00
29/04/2033 21:00,30/04/2033 22:00
06/05/2033 21:00,07/05/2033 22:00
13/05/2033 21:00,14/05/2033 22:00
20/05/2033 21:00,21/05/2033 22:00
27/05/2033 21:00,28/05/2033 22:00
03/06/2033 21:00,04/06/2033 22:00
10/06/2033 21:00,11/06/2033 22:00
17/06/2033 21:00,18/06/2033 22:00
24/06/2033 21:00,25/06/2033 22:00
01/07/2033 21:00,02/07/2033 22:00
08/07/2033 21:00,09/07/2033 22:00
15/07/2033 21:00,16/07/2033 22:00
22/07/2033 21:00,23/07/2033 22:00
29/07/2033 21:00,30/07/2033 22:00
05/08/2033 21:00,06/08/2033 22:00
12/08/2033 21:00,13/08/2033 22:00
19/08/2033 21:00,20/08/2033 22:00
26/08/2033 21:00,27/08/2033 22:00
02/09/2033 21:00,03/09/2033 22:00
09/09/2033 21:00,10/09/2033 22:00
16/09/2033 21:00,17/09/2033 22:00
23/09/2033 21:00,24/09/2033 22:00
30/09/2033 21:00,01/10/2033 22:00
07/10/2033 21:00,08/10/2033 22:00
14/10/2033 21:00,15/10/2033 22:00
21/10/2033 21:00,22/10/2033 22:00
28/10/2033 21:00,29/10/2033 22:00
04/11/2033 20:00,05/11/2033 21:00
11/11/2033 20:00,12/11/2033 21:00
18/11/2033 20:00,19/11/2033 21:00
25/11/2033 20:00,26/11/2033 21:00
02/12/2033 20:00,03/12/2033 21:00
09/12/2033 20:00,10/12/2033 21:00
16/12/2033 20:00,17/12/2033 21:00
23/12/2033 20:00,24/12/2033 21:00
30/12/2033 20:00,31/12/2033 21:00
06/01/2034 20:00,07/01/2034 21:00
13/01/2034 20:00,14/01/2034 21:00
20/01/2034 20:00,21/01/2034 21:00
27/01/2034 20:00,28/01/2034 21:00
03/02/2034 20:00,04/02/2034 21:00
10/02/2034 20:00,11/02/2034 21:00
17/02/2034 20:00,18/02/2034 21:00
24/02/2034 20:00,25/02/2034 21:00
03/03/2034 20:00,04/03/2034 21:00
10/03/2034 20:00,11/03/2034 21:00
17/03/2034 20:00,18/03/2034 21:00
24/03/2034 21:00,25/03/2034 22:00
31/03/2034 21:00,01/04/2034 22:00
07/04/2034 21:00,08/04/2034 22:00
14/04/2034 21:00,15/04/2034 22:00
21/04/2034 21:00,22/04/2034 22:00
28/04/2034 21:00,29/04/2034 22:00
05/05/2034 21:00,06/05/2034 22:00
12/05/2034 21:00,13/05/2034 22:00
19/05/2034 21:00,20/05/2034 22:00
26/05/2034 21:00,27/05/2034 22:00
02/06/2034 21:00,03/06/2034 22:00
09/06/2034 21:00,10/06/2034 22:00
16/06/2034 21:00,17/06/2034 22:00
23/06/2034 21:00,24/06/2034 22:00
30/06/2034 21:00,01/07/2034 22:00
07/07/2034 21:00,08/07/2034 22:00
14/07/2034 21:00,15/07/2034 22:00
21/07/2034 21:00,22/07/2034 22:00
28/07/2034 21:00,29/07/2034 22:00
04/08/2034 21:00,05/08/2034 22:00
11/08/2034 21:00,12/08/2034 22:00
18/08/2034 21:00,19/08/2034 22:00
25/08/2034 21:00,26/08/2034 22:00
01/09/2034 21:00,02/09/2034 22:00
08/09/2034 21:00,09/09/2034 22:00
15/09/2034 21:00,16/09/2034 22:00
22/09/2034 21:00,23/09/2034 22:00
29/09/2034 21:00,30/09/2034 22:00
06/10/2034 21:00,07/10/2034 22:00
13/10/2034 21:00,14/10/2034 22:00
20/10/2034 21:00,21/10/2034 22:00
27/10/2034 21:00,28/10/2034 22:00
03/11/2034 20:00,04/11/2034 21:00
10/11/2034 20:00,11/11/2034 21:00
17/11/2034 20:00,18/11/2034 21:00
24/11/2034 20:00,25/11/2034 21:00
